,MCF7,A375,PC3,HT29,A549,HA1E
MCF7,1.0,0.87879258245486,0.8630843573146866,0.8349871351607924,0.8127362802923023,0.8545450209528802
A375,0.87879258245486,1.0,0.8585947242854413,0.8316389923105886,0.8442590505506662,0.8519988447708373
PC3,0.8630843573146866,0.8585947242854413,1.0,0.8023801269026689,0.7962853418597475,0.832324928066447
HT29,0.8349871351607924,0.8316389923105886,0.8023801269026689,1.0,0.8328486514523694,0.8429843653509017
A549,0.8127362802923023,0.8442590505506662,0.7962853418597475,0.8328486514523694,1.0,0.8193086970607921
HA1E,0.8545450209528802,0.8519988447708373,0.832324928066447,0.8429843653509017,0.8193086970607921,1.0
